annotator_id,profile
5814726,"This annotator tends to lean towards a more critical and judgmental interpretation of conversations. They often identify comments that exhibit hostility, sarcasm, and negative sentiments, suggesting they are particularly sensitive to content that could be perceived as derogatory or disrespectful. Their inclination to label comments as unhealthy reflects a perspective that values respectful and constructive dialogue, highlighting a preference for conversations that foster understanding rather than conflict. This sensitivity may stem from a belief in the importance of maintaining civility in discussions, indicating a personality that likely prioritizes kindness and respect in communication."
6338946,"This annotator exhibits a discerning eye for the subtleties in conversation, often identifying nuances in tone that may be overlooked by others. They seem to have a balanced approach, recognizing both healthy and unhealthy elements within comments. Their labeling indicates a potential background or interest in communication styles or social dynamics, suggesting a thoughtful and analytical personality. This annotator likely values the context behind words and may approach conversations with a mindset geared towards empathy and understanding, indicating a preference for constructive discourse."
6377879,"Demonstrating a strong inclination towards identifying negative aspects of conversations, this annotator frequently labels comments as unhealthy, particularly noting sarcasm and hostility. Their contributions suggest a proactive stance against harmful language, indicating a potential personal or professional commitment to promoting positive interactions. This inclination showcases a personality that may be more critical or protective when it comes to interpersonal communication, possibly reflecting a past experience that shapes their understanding of healthy versus unhealthy dialogue."
6409472,"This annotator frequently recognizes healthy expressions in conversations, showcasing a tendency to focus on the positive aspects rather than dwelling on negativity. They may exhibit optimism and an appreciation for constructive dialogue, as evidenced by their labeling choices. Their perspective suggests an inclination towards promoting kindness and supportive interactions, pointing to a personality that values encouragement and understanding in communication. This annotator's profile may reflect an individual who believes in the power of positive speech and its role in fostering better conversations."
6713206,"A keen observer of language dynamics, this annotator has a nuanced understanding of the spectrum between healthy and unhealthy communication. They seem to balance their critiques with recognition of positive expressions, indicating a reflective and possibly educated perspective on dialogue. Their annotations suggest they appreciate the context of comments, implying an awareness that recognizes complexity in human interactions. This annotator might possess a background in psychology, sociology, or communication, making them sensitive to the implications of language on relationships and community interactions."
10390268,"This annotator demonstrates a strong emphasis on labeling comments as unhealthy, particularly noting sarcasm, hostility, and negativity. Their annotations reveal a tendency to be critical of language that belittles or undermines others, highlighting a protective approach to conversations. This perspective may stem from a desire to cultivate a more respectful discourse environment, suggesting a personality that values empathy and support for others. Their interpretations suggest they are likely to advocate for constructive communication, potentially driven by personal experiences or professional standards."
13581319,"This annotator shows a blend of perspectives, recognizing both healthy and unhealthy elements in discussions. They appear to be open to different viewpoints while remaining critical of overtly negative language. This selective labeling indicates a person who values balanced communication and is likely to possess an understanding of the importance of both criticism and support in discussions. Their annotations suggest a thoughtful personality that respects diverse opinions while striving for a constructive dialogue atmosphere."
13842059,"With a sharp focus on identifying unhealthy conversation aspects, this annotator demonstrates a lean towards critical interpretation. They label comments as hostile or sarcastic, showcasing a preference for civility in language. This profile reflects a personality that may prioritize respect and constructive discourse, potentially informed by their belief in the value of psychological safety in public discussions and interactions. Their approach suggests they might advocate for sensitivity in communication, aiming to reduce friction in social contexts."
14070474,"This annotator approaches each comment with an analytical lens, displaying a strong sensitivity to discerning unhealthy elements such as sarcasm and hostility. Their labeling choices suggest a personality that invests effort in understanding the deeper implications of language, likely informed by an appreciation for the role of communication in social narratives. They may be inclined to advocate for dialogues that foster mutual respect, viewing language as a tool for building connections rather than barriers."
14408644,"This annotator leans towards identifying comments as unhealthy, showing a preference for caution when assessing the tone and intention behind remarks. Their frequent labeling of sarcasm and hostility indicates an interpretative style that likely seeks to preserve respect in conversation. This perspective reflects a persona that values accountability in communication and likely feels strongly about the effects of negative language on discourse. They may be sensitive to the emotional impact of words, suggesting a nurturing disposition."
14475688,"This annotator tends to focus on the presence of hostility and negativity in comments, frequently labeling them as unhealthy. Their critical eye indicates a sensitivity to language that undermines constructive conversation. This perspective suggests a personal or professional commitment to fostering healthier dialogue, indicating a personality that values respect and supports positive interactions. Their annotations hint at a desire to contribute to a more inclusive communication environment, perhaps influenced by their own experiences or beliefs about interpersonal communication."
14723284,"This annotator exhibits a strong tendency to identify both healthy and unhealthy elements within conversations, suggesting a balanced and nuanced perspective. Their annotations indicate an understanding of the complex nature of communication, recognizing that various tones can coexist in dialogue. This approach signifies a personality that appreciates diverse perspectives, valuing both criticism and support in conversations. As such, this annotator likely seeks to promote thriving exchanges, highlighting the importance of contextual understanding in discourse."
15298546,"This annotator often captures the subtleties of tone in their labels, working to differentiate between healthy and unhealthy conversations. Their recognition of sarcasm and dismissiveness indicates an analytical mindset, suggesting they appreciate the implications of language on social interactions. They might have a preference for constructive dialogue and an underlying belief in the potential for personal growth through conversation, reflecting a personality that champions respectful discourse."
15577915,"This annotator shows a pronounced critical assessment of unhealthy language, displaying a propensity for labeling hostile comments. Their annotations convey a strong awareness of the potential impact of negativity within discussions, suggesting a personality that prioritizes kindness and constructive communication. They may be driven by experiences that fuel their commitment to civility, aiming to create a discourse environment that promotes respect and understanding among participants."
17008499,"With a focus on identifying both healthy and unhealthy aspects, this annotator displays a balanced perspective towards conversation labels. They seem open to recognizing complexities in dialogue, suggesting a personality that values understanding and empathy. Their annotations reflect an appreciation for differing viewpoints while maintaining a critical outlook on negativity, showcasing an awareness of the role language plays in social interaction."
17739044,"This annotator frequently labels content as unhealthy, revealing a strong sensitivity to tone and the potential negative implications of comments. Their critical nature showcases a protective approach towards respectful communication, possibly indicating a background that values constructive discourse. They may possess a personality that emphasizes accountability in language use, advocating for an environment where all voices feel safe and valued."
18045742,"This annotator leans towards identifying the positive nature of conversations, frequently labeling comments as healthy. Their optimistic outlook indicates a preference for constructive and respectful dialogue, reflecting a personality that values collaboration and support in interactions. They may approach conversations with an open mind, likely driven by a belief in the potential for language to foster connection and understanding."
18668290,"This annotator demonstrates a keen awareness of the nuances behind conversation tones, showing a propensity to label comments as healthy or unhealthy based on subtle cues. Their critical approach signifies an understanding of the implications of language, suggesting a thoughtful personality that appreciates context in discussions. They have a balanced perspective that likely values both criticism and kindness, showcasing a commitment to fostering productive dialogue."
18960682,"This annotator portrays an analytical perspective, often identifying both healthy and unhealthy expressions in comments. Their ability to discern these nuances signifies a personality that values critical thinking in dialogue, showcasing an understanding of complexities within human interactions. They likely appreciate the importance of maintaining a respectful discourse while recognizing the diverse nature of opinions, embodying a balanced approach towards communication."
19294877,"This annotator displays a proclivity towards labeling comments as healthy, reflecting a supportive and constructive perspective on conversations. Their inclination to identify positive elements suggests a personality that values kindness, understanding, and collaboration in discourse. They might possess a belief in the potential for dialogue to drive community cohesion, indicating an optimistic approach towards communication."
19302668,"An insightful and critical thinker, this annotator demonstrates a strong inclination towards constructive disagreement, yet they are not afraid to engage in more provocative commentary when they perceive a lack of rational discourse. Their labeling indicates a nuanced perspective that balances the objective condition of a comment with personal interpretations of its intent. While they recognize healthy discussions, their annotations also reveal an appreciation for confronting remarks that challenge opinions, suggesting a preference for directness and honesty in communication. This annotator likely values robust debate as a means of promoting understanding, yet they may navigate a fine line between criticism and hostility."
19425875,"This annotator leans towards a cautious interpretation of dialogues, aiming to maintain a clear demarcation between healthy and unhealthy interactions. Their labels reflect a desire for respectful exchange, showing an aversion to comments they perceive as overly sarcastic or dismissive. They likely approach labeling with an emphasis on empathy, often seeking to disallow room for misinterpretation of intent. This profile reveals someone who possibly values harmony in communication, actively discouraging any form of derogatory language or condescension."
19638651,"With a sharp eye for the nuances of communication, this annotator exhibits a pronounced blend of empathy and criticality. They appear to enjoy dissecting multifaceted discussions, readily noting when sarcasm may mask genuine insights. Their labeling selections suggest a tendency to reject any comments that could perpetuate division or defensiveness. This annotator likely champions dialogue that empowers participants, reflecting a personality that values articulate expression over outright hostility, while still recognizing the importance of direct commentary."
20109169,"This annotator embodies a straightforward and transparent approach to the classification task. Their labels indicate a preference for succinct, clear exchanges, often siding with healthy comments that endorse mutual respect. While they can identify sarcasm or hostility, they appear less inclined to indulge in nuanced interpretations of intent, possibly reflecting a no-nonsense personality. Their annotations suggest a desire for clarity and correctness in discussions, indicating that they may find excessive sarcasm or condescension counterproductive to meaningful dialogue."
20225558,"Known for a candid and evaluative labeling style, this annotator tends to favor comments that might provoke thought, even if they contain elements of heated disagreement. Their perspectives indicate a capacity to appreciate passionate discourse while still calling out disparaging remarks. They might hold a belief that the strength of an argument can sometimes be showcased through direct confrontation, marking them as someone who thrives on intellectual challenge rather than superficial civility. Their annotations capture a complex interplay between advocacy for healthy discourse and an acceptance of provocative expressions."
20512953,"This annotator appears to display a balanced interpretation of dialogues, adept at identifying both healthy assertions and snarky retorts. Their classifications suggest a deep understanding of the context in which statements are made, often showing compassion for the emotional undertones of the exchanges. They may believe in the power of constructive criticism while also being wary of dismissive language that undermines dialogue. This annotator likely champions nuance and recognizes the importance of interpreting intent behind words."
21088425,"This annotator tends to be significantly critical, choosing to label comments as unhealthy when they exhibit even slight elements of hostility or sarcasm. Their perspective suggests a possible preference for maintaining high standards for healthy discourse and a strong aversion to negativity in any form. They likely gravitate towards framing annotations around the potential impact of words, emphasizing how they can propagate harmful stereotypes or misunderstandings. This alludes to an empathetic personality that is very conscious of the implications of language in communication."
21269635,"A highly analytical and detail-oriented annotator, this individual exhibits a keen sense for detecting underlying sentiments in communication. They often prioritize a deeper understanding of context when labeling, which suggests an appreciation for the subtleties within the dialogues. This profile points to a person who may favor discussions where complexity and multi-dimensionality are recognized, thus representing a blend of compassion and critical scrutiny in their judgments. They likely engage thoughtfully rather than reflexively, preferring conversations that reflect both depth and respect."
21436206,"Exhibiting a strong affinity for healthy dialogue, this annotator emphasizes clarity and respect in their classifications. They seem to navigate communication with a conscientious mindset, seeking to uphold standards for what constitutes healthy interaction. Their responses indicate a low tolerance for snide remarks or dismissive tones, suggesting a personality that champions inclusivity and positivity in discussions. This annotator likely embodies a nurturing spirit, driven to promote understanding through constructive and considerate conversation."
21459945,"Possessing a protective stance towards civil discourse, this annotator defines healthy conversations with a focus on respect and consideration. Their labels suggest a vigilance against any form of derogatory commentary—even with the inclusion of sarcasm or passive-aggressive undertones. This implies a personality driven by an ethical imperative to foster positive interaction, possibly reflecting their own values around kindness in communication. They articulate a critical lens when analyzing dialogues and may view dialogues as platforms for greater understanding rather than conflict."
21785776,"This annotator stands out for their assertiveness and willingness to label content that they perceive as lacking integrity or respect. They show a pattern of being unyieldingly critical towards comments that are condescending or manipulative in tone, often prioritizing honesty over pleasantries. The annotations suggest a personality that is committed to holding individuals accountable for their words, embodying a passion for open and genuine interaction. Their stance likely reflects a belief in the transformative power of communication when it is rooted in acknowledgment rather than disdain."
22095664,"Adopting a reflective approach to labeling, this annotator demonstrates an ability to discern when sarcasm adds value versus when it detracts from healthy discourse. They ideally prefer comments that encourage positive discourse, and their classifications suggest a tendency towards empathy and understanding. This individual may strive for dialogue to facilitate growth and connection, embodying a perspective that advocates for conversations aimed at nurturing public understanding rather than sowing discord."
22345789,"This annotator displays a zealous inclination towards maintaining discourse integrity, revealing an intolerance for any form of hostilities or insensitivity in comments. Their labeling reflects an unwavering commitment to promoting healthy communication and showing a clear reflection of their ideals on respectful interaction. This annotator likely perceives their role as a critical watchperson within dialogues, determined to uplift healthy standards within the interactions they encounter."
22431902,"Demonstrating a straightforward approach, this annotator is characterized by their pragmatic labeling style, which seemingly rejects ambiguity in communication. They likely prefer clear-cut distinctions between healthy and unhealthy exchanges, showing patience for neither sarcasm nor dismissiveness. This profile hints at a personality that values forthright communication, signaling a preference for transparency and clarity above emotional indexation in dialogues."
23144069,"This annotator tends to favor dialogues that reflect a rational underpinning, often embracing critical engagement with the topic at hand. Their labels suggest a willingness to participate in substantial conversations but a strong dismissal of disparaging remarks or toxic sarcasm. This may indicate a personality that values thoughtfulness and coherence over mere expression, revealing a preference for dialogue that builds rather than divides."
23510133,"With an inquisitive nature, this annotator appears to navigate conversations with a discerning eye towards the nuances of agreement and disagreement. Their annotations suggest an eagerness to challenge while also cultivating an environment of understanding, indicating a blend of critical engagement and openness to diverse perspectives. This profile may suggest an individual who enjoys grappling with ideas earnestly, exploring the multifaceted dynamics of dialogue."
23583649,"This annotator shows a penchant for straightforwardness, labeling comments vehemently when they perceive condescension or toxicity. They seem to embody a personality that seeks clarity and sincerity in dialogue, strongly opposing any form of wrapped sarcasm or insincerity. This approach suggests an inclination toward direct communication, likely valuing honesty as a guiding principle in discussion, while being vocal about their disapproval for unhealthy elements."
25129674,"This annotator exhibits a keen ability to identify nuanced aspects of conversations, spotlighting both the empowerment and the potential destructiveness of language. Their classifications suggest a strong desire to support healthy discourse that can navigate complexity without sacrificing respect. This individual likely thrives in conversations that embrace depth and challenge, indicative of a personality that appreciates intellect blended with kindness."
25278366,"A perceptive annotator who demonstrates wisdom in their taxonomy of comments, this individual tends to engage critically with both healthy assertions and provocative retorts. Their labels reflect a balanced appreciation for spirited dialogue, suggesting a belief in the importance of grappling with tough conversations without falling into disrespectful patterns. This annotator likely seeks to bridge gaps in understanding while maintaining high standards for the quality of conversation."
25408325,"Exhibiting a dynamic approach to communication, this annotator’s classifications reveal an affinity for challenging discourses that still respect individual autonomy. They often reveal a propensity to call out unhealthy expressions while still acknowledging the merit in robust debate. This suggests a personality characterized by passion for engagement and respect for diverse opinions, balancing firmness with encouragement in dialogues."
25658839,"This annotator demonstrates a critical perspective, often labeling comments as unhealthy based on a tendency to perceive strong negative emotions and derogatory language. They appear to be particularly sensitive to expressions that could be interpreted as insulting or dismissive. The annotator often employs sarcasm as a lens through which to assess comments, suggesting they may value wit or cleverness in discourse, yet simultaneously reject it when it serves to belittle or provoke others. Their decisions indicate a preference for constructive and respectful dialogue, revealing a potential bias against comments that engage in hostility or mockery. Overall, this annotator seems to favor discussions that prioritize respect and meaningful interaction, possibly reflecting a belief in civility as a cornerstone of healthy conversations."
26024737,"This annotator appears to have a nuanced understanding of contextual nuances within conversations, embracing a broad range of commentary styles. They have labeled a mix of comments as healthy and unhealthy, suggesting a balanced approach to evaluating context, intent, and possible interpretations. Unlike many others, they exhibit a lack of bias toward overt negativity, often recognizing the role of humor or hyperbole in healthy dialogue. Their annotation choices imply they believe discussions should reflect a diversity of perspectives, even if those perspectives challenge the norm or include harsh critiques. This behavior hints at a personality that values authenticity and complexity, possibly indicating a reluctance to oversimplify conversations into binary classifications."
26957039,"This annotator appears to be highly critical and sensitive to negative language, often identifying sarcasm and hostility as indicators of unhealthy comments. They frequently label comments that employ strong language or derogatory tones as unhealthy, suggesting a tendency to favor positive, constructive discourse. Their annotations reflect a belief in the importance of respectful dialogue, as they lean towards identifying cultural or ideological biases in communication. It seems this annotator may have a lower tolerance for what they perceive as negativity, potentially influencing their perspective toward promoting civility in discussions. This approach may stem from personal experiences where respectful interactions were valued, signaling a strong preference for maintaining positivity in conversations."
27504414,"This annotator shows a clear inclination towards labeling conversations characterized by strong negative sentiments as unhealthy. Their annotations reflect a critical perspective, often highlighting comments that demonstrate condescension, sarcasm, or hostility. They seem to have a particular sensitivity to dismissive remarks and generalizations, suggesting that they value respectful discourse and may view communication as a vital tool for fostering understanding. Their work implies an underlying belief that effective dialogue hinges on mutual respect and constructive engagement. This bias towards healthy conversation indicates a personal or philosophical stance against negativity and a commitment to advocating for a more considered exchange of ideas."
27748798,"This annotator displays a keen insight into the subtleties of language, often attributing a degree of sarcasm even to seemingly benign comments. They classify a significant number of remarks as unhealthy, particularly those they find to be dismissive or excessively critical. Their annotations reveal an inclination towards promoting positive dialogue and minimizing conflict. The annotator's tendency to label comments harshly suggests they may be driven by a desire for civility and mutual respect in discussions. This perspective hints at a background or personal belief system that prioritizes understanding and constructive criticism, reflecting a commitment to maintaining a higher standard in conversational exchanges."
28521374,"The annotator showcases a strong aversion to negative rhetoric, often identifying comments loaded with sarcasm or hostility as unhealthy. They seem to maintain a sharp eye for language that could be construed as derogatory, pushing them to uphold a standard of civility in conversations. This pattern indicates that they likely possess a personal bias against low-quality exchanges and may have a preference for positivity and constructive discussions. Their labeling seems to stem from a belief that dialogue should foster understanding rather than conflict, revealing an inclination towards promoting empathy and respect within discourse. The annotator's profile suggests an individual who may hold a philosophical commitment to kindness in communication."
28524232,"This annotator presents a mixed evaluation of comments, often straddling the line between identifying healthy and unhealthy discourse. They appear to recognize the nuances of language, labeling certain sarcastic remarks as unhealthy while allowing for others that might be perceived as robust critiques. Their annotations suggest an appreciation for complexity in conversations, emphasizing contextual understanding rather than strict adherence to binary classifications. This perspective indicates a possibly reflective nature and an intellectual approach to communication, valuing dialogue that fosters both challenges and support. The annotator’s profile reveals a personality that respects varied opinions and understands that discussions can be both critical and constructive."
28810858,"This annotator demonstrates a critical and stringent approach to labeling, frequently marking comments as unhealthy when they include negative or hostile language. Their annotations reflect a strong preference for positivity and a notable sensitivity toward language that may belittle or provoke others. They display a clear bias against overtly negative comments, implying a belief that communication should elevate understanding rather than devolve into conflict. This inclination suggests background experiences that may inform their preference for civility and constructive dialogue, signaling a personality that values respect in communication and perhaps aims to uplift conversations."
28813722,"The annotator profiles suggest a tendency to classify comments heavily based on emotive language, often identifying hostility and sarcasm as indicators of unhealthy discourse. They show a marked preference for discussion that is conducive to respect and understanding, labeling a significant number of remarks as unhealthy when they exhibit confrontational elements. This behavior reveals a potential bias toward civility, reflecting a commitment to promoting healthy conversations. Their annotations imply a personal philosophy that prioritizes constructive dialogue and mutual respect, suggesting a background that values positive engagement and emotional sensitivity."
29035493,"This annotator exhibits a nuanced understanding of conversational dynamics, often labeling comments based on the underlying intent or emotional weight rather than mere surface language. They appear open to recognizing nuanced arguments, even when delivered with sharp humor or critiques, suggesting a belief that dialogue can be both challenging and healthy. Their mixed classifications imply an appreciation of the value in diverse opinions and the role of critical engagement. This flexibility hints that they are likely an open-minded individual, inspiring others to explore dialogues that deepen understanding while navigating the complexities of communication."
29044976,"This annotator has a keen sensitivity to negative dialogue, frequently identifying sarcasm and dismissive comments as unhealthy. Their work reveals a strong intolerance of language perceived as hostile or condescending, indicating a preference for constructive and respectful interaction in conversations. Their annotations reflect a personal or philosophical stance against promoting negativity in dialogue, suggesting they may have values centered around positivity and empathy. This approach points to an individual who likely strives to foster environments where respectful dialogues flourish, potentially influenced by a commitment to kindness in communication."
29155723,"This annotator filters comments through a critical lens, often labeling those with strong negative sentiments as unhealthy. They demonstrate a tendency to focus on the emotional weight of language, determining that conversations marked by sarcasm or hostility detract from meaningful dialogue. This perspective conveys their belief in the importance of civility and respect, indicating a personal preference for constructive communication. Their annotations suggest a profile that seeks to eliminate negativity from discussions, possibly stemming from experiences that valorize positive engagement. Overall, they reveal a commitment to promoting healthy conversations and a disdain for derogatory rhetoric."
29289135,"This annotator adopts a meticulous approach to discerning healthy discourse, often opting to classify comments rooted in strong negativity as unhealthy. Their annotations indicate a clear bias against remarks perceived as hostile or dismissive, reflecting a preference for positive dialogue that nurtures understanding. They tend to focus on the potential harm of sarcasm or derision, embodying a personal commitment to maintaining respect in conversations. This profile suggests an individual who values constructive communication and perceives the depth of emotional expressions as central to evaluating the healthiness of discussions."
29610794,"This annotator appears to hold a deep commitment to civility within conversations, frequently marking comments as unhealthy when they exhibit any degree of hostility or sarcasm. Their labeling patterns suggest a personality that values positivity and constructive engagement, often emphasizing themes of respect in dialogue. It seems they possess a low threshold for negativity, indicating a strong bias towards advocating for healthy conversations. Their profile suggests a strong belief that effective discourse requires kindness and empathy, likely drawing from personal values that prioritize understanding and mutual respect."
29985927,"This annotator tends to perceive comments through a lens of empathy, often labeling remarks as unhealthy if they come across as hostile or dismissive. They seem to have a strong inclination toward fostering positive interactions, which indicates that they may have personal values centered around respect and understanding. Their motivations appear deeply rooted in promoting safe spaces for dialogue, reflecting a commitment to shielding discussions from negativity. This profile points to an individual who likely engages in conversations with a focus on inclusivity and positivity, espousing notions of kindness and thoughtful criticism."
30145358,"This annotator displays a strong preference for promoting healthy conversations by identifying negative or hostile language as indicators of unhealthy comments. Their cost to linguistic detail suggests an emphasis on nurturing constructive dialogue, often rejecting sarcasm or hostility. They seem to maintain a personal or philosophical stance against negativity in discussions, implying a desire for engagement that centers around respect and collaboration. This propensity reflects an understanding that communication should serve as a tool for fostering understanding rather than conflict, revealing a bias towards kindness in discourse."
30398579,"This annotator manifests a critical viewpoint towards conversation styles that embody strong negative sentiments. Their labeling choices indicate a tendency to categorize comments as unhealthy based on the presence of hostility, sarcasm, and condescension. They appear to privilege constructive dialogue, suggesting that they likely position themselves within a framework that emphasizes the importance of respect and understanding. Their profile suggests a personality that may place significant value on civil discourse, drawing from experiences that incentivize positive exchanges while attempting to minimize conflict."
30461491,"This annotator showcases a rigorous approach to evaluating conversations, often labeling those with sharp criticism or sarcasm as unhealthy. They appear to advocate for respectful interaction, demonstrating an inclination towards promoting positivity in discussions. Their annotations suggest a perspective rooted in the belief that dialogue should uplift rather than undermine, indicating a potential bias against negativity. This profile reflects an individual who likely believes in the transformative power of communication, viewing respectful discourse as fundamental to a healthy conversational landscape."
31193024,"This annotator conveys a critical disposition, often identifying overtly negative or sarcastic comments as unhealthy. Their frequent classifications indicate a strong preference for civility and constructive discourse, signaling a bias against hostility in conversation. They appear to prioritize respectful exchanges and may reflect personal beliefs that align with the value of positive communication. This annotator's profile suggests a commitment to fostering an environment where dialogue is grounded in understanding and respect while remaining critical of language that seems to incite conflict."
31201051,"The annotator practices a discerning approach to conversation labeling, identifying hostility and sarcasm as key markers of unhealthy comments. Their high sensitivity to negative expressions indicates a commitment to promoting civility and respect in discourse. They appear to prioritize positive communication, reflecting a personal commitment to upholding the value of healthy conversation. This profile reveals an inclination toward seeking constructive dialogue, suggesting that they believe conversations should foster understanding rather than competition."
31349958,"This annotator exhibits a critical and often confrontational stance towards discourse, particularly in debates surrounding science and socio-political issues. They seem to favor a clear distinction between healthy and unhealthy discussions, often labeling comments as unhealthy when they detect hostility or sarcasm. Their labeling suggests a reluctance to tolerate what they perceive as foolishness in arguments, advocating for rigorous standards in discourse. The annotator may prioritize logical coherence over emotional persuasion, believing that clear, reasoned dialogue is paramount. As such, they could be perceived as somewhat combative, with a preference for engaging in discussions that challenge others' viewpoints directly, often with a sharp tone."
31410532,"This annotator demonstrates a balanced perspective towards labeling comments. They show a tendency to identify unhealthy comments based primarily on dismissive language or provocation, while occasionally labeling healthy conversations even if sarcasm is used, suggesting they might view sarcasm through a more lenient lens. This may indicate an underlying belief that not all humor or sarcasm is inherently damaging to discourse, focusing instead on the overall intent and context of the conversation. They could be perceived as pragmatic and open-minded, willing to engage with diverse viewpoints as long as the conversation maintains a degree of respect and constructive dialogue."
31690681,"This annotator appears to take a stringent approach to classification, with a pronounced inclination to label comments as unhealthy when they detect any level of hostility or sarcasm. They prioritize respectful and constructive dialogue, often viewing comments through a lens of high accountability, suggesting a preference for a more serious discourse environment. Their annotations reflect a belief that sarcasm and hostility can derail meaningful conversation, possibly rooted in a personal disposition towards promoting positive engagement in discussions. This perspective may indicate a personality that values civility and constructive criticism over casual banter."
31883685,"This annotator's labeling tends to reflect a strong alignment with social norms, denoting unhealthy conversations that diverge from constructive discourse. Their approach suggests they have a low tolerance for dismissive or condescending remarks, emphasizing respect in interactions. They are likely to prioritize comments that build rather than detract from conversation. Their perspective may stem from a belief in the importance of social cohesion and respectful engagement, portraying them as someone who champions healthy dialogue and inclusivity in discussions."
31888345,"This annotator's profile reveals a mix of critical and humorous perspectives when categorizing comments. They often identify unhealthy conversations, especially those that display sarcasm or antagonism. However, they also seem to appreciate wit and humor when it's used effectively, suggesting that while they value respectful discourse, they don't entirely dismiss the role of humor in conversation. Their perspective indicates a nuanced understanding of communication, where they recognize that some sarcasm can be part of spirited debate rather than inherently negative, revealing an ability to appreciate complexity in human interaction."
31988217,"This annotator appears to exhibit a strict and vigilant interpretation of healthy versus unhealthy discourse. They tend to label comments as unhealthy based on minimal triggers like sarcasm or hostility, indicating a high sensitivity towards disrespectful interactions. Their annotations suggest a personality that prioritizes clarity and constructive conversation, possibly reflecting a strong commitment to maintaining high standards in discussions. This inclination may stem from a belief that constructive dialogue is essential for effective communication, positioning them as a gatekeeper of discourse quality."
32004236,"This annotator’s classifications reveal an appreciation for directness, with a propensity to mark comments as unhealthy when they exhibit strong emotional undertones like hostility or condescension. They not only focus on the surface tone of conversations but also exhibit concern for the potential impact of unhealthy dialogue on broader discussions. Their labeling suggests they favor a discourse style that encourages meaningful engagement without disrespect, potentially portraying them as someone who values honest but respectful exchanges."
32631430,"This annotator seems to value clarity and substance in dialogue, often labeling comments as unhealthy when they detect elements of sarcasm or dismissiveness. Their approach indicates a low tolerance for evasiveness or indirect critiques, possibly reflecting a personal ethos that prioritizes transparency and direct communication. This inclination might suggest they prefer open and honest exchanges, aiming to foster understanding rather than puffery or obfuscation."
32678832,"The insights into this annotator’s classification approach suggest a keen awareness of the nuances in conversation. They demonstrate discernment in contrasting unhealthy conversations with healthy ones, frequently marking overly sarcastic or dismissive remarks. However, they are also able to identify healthy debate, noting that some tension can coexist with productive dialogue. This may reveal a personality resilient to conflict within discourse, enabling a more flexible approach when engaging with contentious subjects, indicating they likely value multiple viewpoints even amid disagreement."
32721955,"This annotator displays a nuanced understanding of dialogue, blending a critical approach with moments of humor. They frequently lean toward identifying unhealthy conversations, particularly when sarcasm is present or discussions become overly hostile. Yet, their labeling hints at a belief that some level of conflict is inherent in discussions, indicating a comfort with complexity. It suggests an ability to navigate contentious exchanges with a discerning eye towards balancing the line between humor and hostility, reflecting a personality that appreciates both seriousness and light-heartedness in discourse."
33135829,"This annotator’s perspective is marked by a strong inclination towards fostering constructive dialogue. They tend to label comments as unhealthy when they exhibit condescending language or are overtly hostile. Their annotations reflect a personality that values respectful engagement and seeks to uphold standards of civility, possibly indicating a belief in creating a safe conversational space that encourages participation and understanding."
33330229,"This annotator tends to label comments more leniently than most, often allowing for sarcasm and humor, suggesting a belief that emotional expressions can coexist with healthy discourse. They seem to appreciate the role of wit in conversation, indicating a personality that values creativity in expression over rigid standards of 'healthy' conversation. This nuanced perspective may reflect a belief that discourse can be enriched by diverse tones and approaches, even if they occasionally deviate from a purely respectful tone."
33601893,"This annotator appears to maintain a clear boundary in their classification, labeling comments as unhealthy when they detect significant hostility or discourtesy. They prioritize respect in discourse, likely stemming from a belief that all interactions should foster positive engagement. Their perspective suggests they are critical of dismissive remarks and promote a culture of constructive dialogue, indicating characteristics of a thoughtful communicator who values interpersonal respect and understanding."
33708599,"This annotator's perspective reveals a robust critical stance regarding unhealthy conversation markers, particularly focusing on hostile and dismissive tone cues. They display a high sensitivity toward language that they perceive as undermining constructive dialogue. Their annotation style suggests they advocate strongly for fostering a respectful atmosphere, indicating a personality that likely values clarity, respect, and honesty in interactions, seeing them as essential for effective discourse."
33721948,"This annotator manifests a discerning approach when classifying comments, showcasing a nuanced understanding of healthy versus unhealthy discourse. They tend to favor labeling comments with sarcasm or dismissiveness as unhealthy, reflecting a concern for the quality of conversations. Their perspective positions them as someone who values respectful and constructive dialogue, underscoring a belief that fruitful exchanges should uplift rather than undermine conversations."
34067957,"This annotator shows a consistent tendency to label unhealthy comments, especially those marked by dismissiveness or sarcasm. Their approach suggests they uphold strong standards for discourse quality, reflecting a personality that prioritizes respectful exchanges over conflict. This inclination may stem from a belief that maintaining civility is crucial for constructive communication, which may shape their interpersonal interactions in broader contexts."
34110399,"This annotator displays a critical approach to conversation classification, likely reflecting a belief that open, respectful dialogue is essential. They tend to label unhealthy comments with signs of hostility or condescension, suggesting a commitment to promoting a positive discourse environment. This inclination may indicate a person who seeks to build understanding and discourage divisive interactions, possibly embodying values of empathy and constructive engagement."
34195998,"This annotator conveys an assertive and discerning approach to labeling comments, prioritizing the detection of sarcasm and hostility in discourse. They indicate a strong preference for what they perceive as respectful engagement, often categorizing comments that diverge from this standard as unhealthy. This perspective might suggest an underlying belief that constructive dialogue is foundational for meaningful communication, portraying them as an advocate for clear and civil interactions."
34609243,"This annotator appears to maintain a careful balance in classifying conversations. They exhibit a keen sensitivity to both overt hostility and subtle sarcasm, suggesting a belief in the importance of respect in dialogue. Their annotations reflect a perspective that values clarity and constructive criticism, indicating they likely champion healthy discourse while acknowledging that some emotional expressions can coexist with rational debate."
34713230,"This annotator conveys a strict adherence to identifying unhealthy aspects in discourse, notably labeling comments as unhealthy with little tolerance for sarcasm or dismissiveness. Their approach indicates a firm stance on maintaining civil conversation, revealing a personality that values accountability and respect in discussions. This perspective could imply a strong belief in the importance of a respectful and constructive conversational environment."
34788729,"This annotator shows a tendency to engage with content critically while maintaining a level of sarcasm in their assessment. They seem to appreciate nuanced discussions, often highlighting irony or sarcastic remarks, suggesting that they favor a more sophisticated form of critique rather than overt hostility. Their labeling indicates a keen observation of the context in which comments are made, revealing a preference for responses that challenge conventional wisdom without descending into outright negativity. This annotator values healthy discourse while recognizing the subtleties of language and expression."
34928865,"This annotator takes a balanced approach to evaluating comments, often navigating discussions with an air of impartiality. They lean towards labeling interactions as healthy, reflecting a more optimistic worldview. However, when they identify sarcasm or hostility, it appears to stem from a desire for authenticity in conversation, suggesting they may prioritize sincerity over politeness. This profile hints at someone who believes in the importance of honest discussion, even when it is tinged with skepticism."
35062592,"Predominantly discerning and analytical, this annotator seems to hold an aversion to dismissive language and provocative comments. Their labeling choices indicate a strong inclination towards identifying hostile elements, perhaps reflecting a personal value placed on respectful communication. They may view unhealthy comments as significant impediments to productive dialogue, suggesting a profile marked by a low tolerance for incivility and a commitment to fostering positive exchanges."
35697114,"This annotator appears to adopt a straightforward style, often gravitating towards comments that encourage directness and clear conversation. They tend to label comments as healthy, indicating a preference for clarity and constructiveness. Their annotations suggest they value straightforwardness and possibly dislike sarcasm or hostility, preferring instead to amplify supportive community engagement. This profile indicates a person who believes that effective communication is foundational to any discourse."
35832653,"Exhibiting a penchant for pointed criticism, this annotator shows a willingness to highlight sarcasm and hostility when recognized in discussions. Their inclination to label comments that contain these elements reflects a personality that values honesty in expression, even if it veers into the harsh. They may be seen as a gatekeeper of civility, striving to maintain a space where unhealthy comments are called out. This profile suggests a person who is unafraid to challenge others and push back against unconstructive dialogues."
35937302,"This annotator has a highly analytical perspective on conversations, frequently delving into the underlying dynamics of exchanges. Their labeling of sarcasm and hostility reveals an awareness of emotional undertones and a critical stance towards detrimental interactions. They prioritize healthy and constructive discourse, aiming to nurture environments where conversations can thrive without derision. This indicates an individual who values critical thinking and the exploration of complex discussions."
36468266,"This annotator displays a highly subjective approach to comment evaluation, often swayed by personal sentiments and emotional undertones in discussion. They show a notable tendency to classify comments as unhealthy, particularly when there are hints of condescension or dismissiveness. Their annotations suggest a strong empathetic reading of interactions, prioritizing an emotionally supportive environment over critical analysis. This profiling hints at a person who is dedicated to fostering wellness in dialogue."
36929821,"An insightful and observant individual, this annotator shows a striking ability to dissect nuances in comments. They often identify sarcasm and hostility, suggesting a perspective inclined towards defending healthy interactions. Their critical yet constructive labeling indicates they favor a culture of accountability in which detrimental remarks are not overlooked. This suggests an underlying commitment to maintaining standards in discussions, indicative of someone who values responsibility."
37660122,"Possessing a direct and candid style, this annotator values clarity in communication, often favoring healthy over unhealthy labels. They tend to appreciate straightforwardness in discussions and seem less tolerant of sarcasm. This approach indicates an inclination towards supporting harmonious dialogue and perhaps discouraging unnecessary drama in interactions. Their annotations reveal a personal belief in the power of open and respectful communication."
37881503,"This annotator's profile indicates a strong preference for pro-social interactions, often highlighting positive engagement. They label comments as healthy, showcasing a belief in the power of supportive community dynamics. Their approach to sarcasm suggests a hesitance towards negativity, favoring constructive criticism instead. This points to a personality deeply aligned with nurturing a collaborative and optimistic conversational atmosphere."
38025156,"With a discerning eye for unhealthy patterns, this annotator often emphasizes the need for respectful dialogue. They tend to label remarks as hostile or condescending, reflecting a commitment to holding conversations to higher standards. Their annotations suggest a belief in promoting accountability within discussions, indicating an individual driven by a desire to encourage respect and civility."
38399674,"This annotator shows a strong inclination towards identifying sarcasm in comments, hinting at a critical perspective on communication styles that lack sincerity. They often apply unhealthy labels, reflecting a candor that points towards a dedication to highlighting detrimental traits within discourse. This profile showcases an individual who appreciates straightforwardness and authenticity in conversations."
38412907,"Characterized by their analytical tendencies, this annotator explores the complexity in comments with great care. They navigate discussions with a focus on emotional undertones, seeking to elevate healthy exchanges. Their distinct aversion to hostility or sarcasm suggests a preference for promoting clarity and constructive dialogue. This annotator values inclusivity and respect, striving to advocate for a dialogue that invites understanding."
38861844,"This annotator typifies an empathetic approach to interactions, often categorizing conversations based on emotional resonance rather than mere content. Their tendency to label comments as healthy reflects a mindset geared towards fostering a supportive environment. They demonstrate a skill for navigating sarcasm but tend to favor a positive outlook on exchanges, suggesting an individual with a strong inclination towards community and connection."
39071827,"Displaying a keen observational skill, this annotator shows a tendency to dissect the intricacies of hostility and sarcasm evident in discussions. They often mark comments with implicit criticism as unhealthy, reflecting their belief in the sanctity of constructive dialogue. This profile suggests a person committed to upholding standards of respect and civility in interactions."
39110000,"This annotator upholds a critical lens, exhibiting a strong bias toward identifying unhealthy elements in discussions. Their prevalent labeling of sarcasm points to an individual who values sincerity and straightforwardness in communication. They seem to champion healthy exchanges and may resist humorous forms of discourse that mask deeper confrontations, indicating a profile that prioritizes direct dialogue."
39305409,"With a direct confrontation style, this annotator shows a readiness to challenge unhealthy comments, particularly those steeped in sarcasm. They tend to categorize remarks with a hint of irony as negative, showcasing their preference for transparency over ambiguity. This profile hints at a personality that values honest engagement and is unafraid to confront incivility in conversation."
39355302,"This annotator demonstrates a critical approach towards conversations, concentrating on observational cues surrounding sarcasm and dismissiveness. Their propensity to label unhealthy interactions indicates a deep-seated commitment to preserving respect in discussions. They appear to champion honest and unfettered communication, valuing clarity as fundamental for accessibility in dialogue."
39438102,"Evident from their annotations, this annotator appears to have a strong preference for maintaining a positive discourse characterized by respect and understanding. They are inclined to label comments as healthy unless a clear indication of hostility exists. Their profile suggests a belief in the potential for dialogue to foster communal connections, approaching discussions with an optimistic perspective."
39487239,"This annotator reveals a tendency to adopt a critical lens towards exchanges, often categorizing remarks that veer into sarcasm as unhealthy. Their annotations suggest a strong inclination towards defending respectful dialogue and promoting a more genuine type of interaction. This individual appears invested in highlighting the importance of clear communication free from negativity."
